Summary,Issue key,Issue id,Issue Type,Status,Project key,Project name,Project type,Project lead,Project lead id,Project description,Priority,Resolution,Assignee,Assignee Id,Reporter,Reporter Id,Creator,Creator Id,Created,Updated,Last Viewed,Resolved,Due date,Votes,Description,Environment,Watchers,Watchers Id,Original estimate,Remaining Estimate,Time Spent,Work Ratio,Σ Original Estimate,Σ Remaining Estimate,Σ Time Spent,Security Level,Inward issue link (Relates),Outward issue link (Relates),Attachment,Attachment,Attachment,Custom field (Actual end),Custom field (Actual start),Custom field (Bugasura Issues),Custom field (Category),Custom field (Change reason),Custom field (Change risk),Custom field (Change type),Custom field (Compass),Custom field (Development),Custom field (Epic Color),Custom field (Epic Name),Custom field (Epic Status),Custom field (Impact),Custom field (Issue color),Custom field (Locked forms),Custom field (Open forms),Custom field (Rank),Custom field (Request Type),Sprint,Custom field (Start date),Custom field (Story Points),Custom field (Story point estimate),Custom field (Submitted forms),Custom field (Target end),Custom field (Target start),Custom field (Team),Custom field (Total forms),Custom field ([CHART] Date of First Response),Comment,Parent,Parent summary,Status Category
aaa,ZEP-8,10102,Test,To Do,ZEP,zephyr,software,Anoop Baragi,634e3b8701c2ff842c15c864,,Highest,,,,Anoop Baragi,634e3b8701c2ff842c15c864,Anoop Baragi,634e3b8701c2ff842c15c864,23/Feb/23 7:15 PM,23/Feb/23 7:23 PM,23/Feb/23 7:23 PM,,,0,,,Anoop Baragi,634e3b8701c2ff842c15c864,,,,,,,,,,,,,,,,,,,,,,,,,,,,,,0|i000j3:,,,,,3.0,,,,,,,,,,To Do
login issue with email,BUG-6,10101,Bug,To Do,BUG,bugathon,software,Anoop Baragi,634e3b8701c2ff842c15c864,,Medium,,,,Anoop Baragi,634e3b8701c2ff842c15c864,Anoop Baragi,634e3b8701c2ff842c15c864,28/Nov/22 12:23 PM,28/Nov/22 12:23 PM,27/Feb/23 1:51 PM,,,0,could not login with the email id ,,Anoop Baragi,634e3b8701c2ff842c15c864,,,,,,,,,,,,,,,,,,,,,,,,,,,,,,0|i000iv:,,,,,,,,,,,,28/Nov/22 12:23 PM;634e3b8701c2ff842c15c864;[Bugasura Issue Link|https://my.bugasura.io/testReports/50f77ecd6a9c1571e68ffb2c0927a067/95609?testResultsId=428202],,,To Do
Navigation Bar & My Transaction,BUG-5,10100,Bug,To Do,BUG,bugathon,software,Anoop Baragi,634e3b8701c2ff842c15c864,,Medium,,,,Anoop Baragi,634e3b8701c2ff842c15c864,Anoop Baragi,634e3b8701c2ff842c15c864,28/Nov/22 12:15 PM,28/Nov/22 12:15 PM,27/Feb/23 1:52 PM,,,0,Navigation bar is missing when you click on the back link on the login page  for both Account and My Transaction,,Anoop Baragi,634e3b8701c2ff842c15c864,,,,,,,,,,,28/Nov/22 12:15 PM;634e3b8701c2ff842c15c864;0_irctc-8.jpg;https://baragimys.atlassian.net/secure/attachment/10008/0_irctc-8.jpg,28/Nov/22 12:15 PM;634e3b8701c2ff842c15c864;1_irctc-9.jpg;https://baragimys.atlassian.net/secure/attachment/10009/1_irctc-9.jpg,28/Nov/22 12:15 PM;634e3b8701c2ff842c15c864;2_irctc-10.jpg;https://baragimys.atlassian.net/secure/attachment/10010/2_irctc-10.jpg,,,,,,,,,,,,,,,,,0|i000in:,,,,,,,,,,,,28/Nov/22 12:15 PM;634e3b8701c2ff842c15c864;[Bugasura Issue Link|https://my.bugasura.io/testReports/50f77ecd6a9c1571e68ffb2c0927a067/95609?testResultsId=426825],,,To Do
Order food page,BUG-4,10099,Bug,To Do,BUG,bugathon,software,Anoop Baragi,634e3b8701c2ff842c15c864,,Highest,,,,Anoop Baragi,634e3b8701c2ff842c15c864,Anoop Baragi,634e3b8701c2ff842c15c864,28/Nov/22 12:15 PM,28/Nov/22 12:25 PM,27/Feb/23 1:52 PM,,,0,Clicking on the order food icon the page is taking time to load the order food page ,,Anoop Baragi,634e3b8701c2ff842c15c864,,,,,,,,,,,28/Nov/22 12:15 PM;634e3b8701c2ff842c15c864;0_irctc-5.jpg;https://baragimys.atlassian.net/secure/attachment/10005/0_irctc-5.jpg,28/Nov/22 12:15 PM;634e3b8701c2ff842c15c864;1_irctc-6.jpg;https://baragimys.atlassian.net/secure/attachment/10006/1_irctc-6.jpg,28/Nov/22 12:15 PM;634e3b8701c2ff842c15c864;2_irctc-7.jpg;https://baragimys.atlassian.net/secure/attachment/10007/2_irctc-7.jpg,,,,,,,,,,,,,,,,,0|i000if:,,,,,,,,,,,,28/Nov/22 12:15 PM;634e3b8701c2ff842c15c864;[Bugasura Issue Link|https://my.bugasura.io/testReports/50f77ecd6a9c1571e68ffb2c0927a067/95609?testResultsId=426800],,,To Do
Register User,BUG-3,10098,Bug,To Do,BUG,bugathon,software,Anoop Baragi,634e3b8701c2ff842c15c864,,Highest,,,,Anoop Baragi,634e3b8701c2ff842c15c864,Anoop Baragi,634e3b8701c2ff842c15c864,28/Nov/22 12:14 PM,28/Nov/22 12:15 PM,27/Feb/23 1:52 PM,,,0,When you click on the register user link in the login page  it takes time to redirect the page and  it will redirect to the blank page first  and then redirect to the train booking page. It has to be redirected to the user register page ,,Anoop Baragi,634e3b8701c2ff842c15c864,,,,,,,,,,,28/Nov/22 12:15 PM;634e3b8701c2ff842c15c864;0_irctc-2.jpg;https://baragimys.atlassian.net/secure/attachment/10002/0_irctc-2.jpg,28/Nov/22 12:15 PM;634e3b8701c2ff842c15c864;1_irctc-3.jpg;https://baragimys.atlassian.net/secure/attachment/10003/1_irctc-3.jpg,28/Nov/22 12:15 PM;634e3b8701c2ff842c15c864;2_irctc-4.jpg;https://baragimys.atlassian.net/secure/attachment/10004/2_irctc-4.jpg,,,,,,,,,,,,,,,,,0|i000i7:,,,,,,,,,,,,28/Nov/22 12:14 PM;634e3b8701c2ff842c15c864;[Bugasura Issue Link|https://my.bugasura.io/testReports/50f77ecd6a9c1571e68ffb2c0927a067/95609?testResultsId=426775],,,To Do
UI issue,BUG-2,10097,Bug,In Progress,BUG,bugathon,software,Anoop Baragi,634e3b8701c2ff842c15c864,,Medium,,,,Anoop Baragi,634e3b8701c2ff842c15c864,Anoop Baragi,634e3b8701c2ff842c15c864,28/Nov/22 12:14 PM,28/Nov/22 12:20 PM,27/Feb/23 1:52 PM,,,0,"UI is not that good user can't  access easily some links are not in the proper manner
exit button has wrong symbol   ",,Anoop Baragi,634e3b8701c2ff842c15c864,,,,,,,,,,,28/Nov/22 12:14 PM;634e3b8701c2ff842c15c864;0_irctc-1.jpg;https://baragimys.atlassian.net/secure/attachment/10001/0_irctc-1.jpg,,,,,,,,,,,,,,,,,,,0|i000hz:,,,,,,,,,,,,28/Nov/22 12:14 PM;634e3b8701c2ff842c15c864;[Bugasura Issue Link|https://my.bugasura.io/testReports/50f77ecd6a9c1571e68ffb2c0927a067/95609?testResultsId=426743],,,In Progress
login button issue,BUG-1,10096,Bug,To Do,BUG,bugathon,software,Anoop Baragi,634e3b8701c2ff842c15c864,,Highest,,,,Anoop Baragi,634e3b8701c2ff842c15c864,Anoop Baragi,634e3b8701c2ff842c15c864,16/Nov/22 10:26 AM,16/Nov/22 11:28 AM,22/Feb/23 2:43 PM,,,0,The login button in the login page has is a malfunctionality ,,Anoop Baragi,634e3b8701c2ff842c15c864,,,,,,,,,,,16/Nov/22 10:34 AM;634e3b8701c2ff842c15c864;orange hrm.PNG;https://baragimys.atlassian.net/secure/attachment/10000/orange+hrm.PNG,,,,,,,,,,,,,,,,,,,0|i000hr:,,,,,,,,,,,,,,,To Do
Bug-admin,ZEP-7,10095,Bug,To Do,ZEP,zephyr,software,Anoop Baragi,634e3b8701c2ff842c15c864,,Medium,,,,Anoop Baragi,634e3b8701c2ff842c15c864,Anoop Baragi,634e3b8701c2ff842c15c864,02/Nov/22 3:16 PM,02/Nov/22 3:20 PM,23/Feb/23 7:13 PM,,,0,,,Anoop Baragi,634e3b8701c2ff842c15c864,,,,,,,,,,ZEP-4,,,,,,,,,,,,,,,,,,,,0|i000hj:,,,,,,,,,,,,,10090,OHRM,To Do
MyINfo,ZEP-6,10094,Test,To Do,ZEP,zephyr,software,Anoop Baragi,634e3b8701c2ff842c15c864,,Medium,,,,Anoop Baragi,634e3b8701c2ff842c15c864,Anoop Baragi,634e3b8701c2ff842c15c864,02/Nov/22 3:04 PM,02/Nov/22 3:04 PM,19/Feb/23 3:41 PM,,,0,,,Anoop Baragi,634e3b8701c2ff842c15c864,,,,,,,,,,,,,,,,,,,,,,,,,,,,,,0|i000hb:,,,,,,,,,,,,,10090,OHRM,To Do
leave,ZEP-5,10093,Test,To Do,ZEP,zephyr,software,Anoop Baragi,634e3b8701c2ff842c15c864,,Medium,,,,Anoop Baragi,634e3b8701c2ff842c15c864,Anoop Baragi,634e3b8701c2ff842c15c864,02/Nov/22 3:02 PM,02/Nov/22 3:04 PM,23/Feb/23 7:14 PM,,,0,,,Anoop Baragi,634e3b8701c2ff842c15c864,,,,,,,,,,,,,,,,,,,,,,,,,,,,,,0|i000h3:,,,,,,,,,,,,,10090,OHRM,To Do
Admin,ZEP-4,10092,Test,Done,ZEP,zephyr,software,Anoop Baragi,634e3b8701c2ff842c15c864,,Medium,Done,,,Anoop Baragi,634e3b8701c2ff842c15c864,Anoop Baragi,634e3b8701c2ff842c15c864,02/Nov/22 3:01 PM,02/Nov/22 3:23 PM,23/Feb/23 7:22 PM,02/Nov/22 3:23 PM,,0,,,Anoop Baragi,634e3b8701c2ff842c15c864,,,,,,,,,ZEP-7,,,,,,,,,,,,,,,,,,,,,0|i000gv:,,ZEP Sprint 2,,,,,,,,,,,10090,OHRM,Done
PIM,ZEP-3,10091,Test,Done,ZEP,zephyr,software,Anoop Baragi,634e3b8701c2ff842c15c864,,Medium,Done,,,Anoop Baragi,634e3b8701c2ff842c15c864,Anoop Baragi,634e3b8701c2ff842c15c864,02/Nov/22 3:00 PM,02/Nov/22 3:34 PM,27/Feb/23 1:52 PM,02/Nov/22 3:34 PM,,0,,,Anoop Baragi,634e3b8701c2ff842c15c864,,,,,,,,,,,,,,,,,,,,,,,,,,,,,,0|i000gn:,,ZEP Sprint 2,,,,,,,,,,,10090,OHRM,Done
OHRM,ZEP-2,10090,Epic,To Do,ZEP,zephyr,software,Anoop Baragi,634e3b8701c2ff842c15c864,,Medium,,,,Anoop Baragi,634e3b8701c2ff842c15c864,Anoop Baragi,634e3b8701c2ff842c15c864,02/Nov/22 2:45 PM,02/Nov/22 2:45 PM,23/Feb/23 7:14 PM,,,0,,,Anoop Baragi,634e3b8701c2ff842c15c864,,,,,,,,,,,,,,,,,,,,,,,,,,,,,,0|i000gf:,,,,,,,,,,,,,,,To Do
LOGIN ISSUE,ZEP-1,10089,Test,Done,ZEP,zephyr,software,Anoop Baragi,634e3b8701c2ff842c15c864,,Medium,Done,,,Anoop Baragi,634e3b8701c2ff842c15c864,Anoop Baragi,634e3b8701c2ff842c15c864,02/Nov/22 2:32 PM,02/Nov/22 2:48 PM,27/Feb/23 1:52 PM,02/Nov/22 2:48 PM,,0,,,Anoop Baragi,634e3b8701c2ff842c15c864,,,,,,,,,,,,,,,,,,,,,,,,,,,,,,0|i000g7:,,ZEP Sprint 1,,,,,,,,,,,10090,OHRM,Done
Home Page,NW-2,10088,Test,To Do,NW,New3110,software,Anoop Baragi,634e3b8701c2ff842c15c864,,Medium,,,,Anoop Baragi,634e3b8701c2ff842c15c864,Anoop Baragi,634e3b8701c2ff842c15c864,02/Nov/22 1:08 PM,02/Nov/22 2:19 PM,27/Feb/23 1:52 PM,,,0,,,Anoop Baragi,634e3b8701c2ff842c15c864,,,,,,,,,,,,,,,,,,,,,,,,,,,,,,0|i000fz:,,,,,,,,,,,,,,,To Do
login issue,NW-1,10087,Test,To Do,NW,New3110,software,Anoop Baragi,634e3b8701c2ff842c15c864,,Medium,,,,Anoop Baragi,634e3b8701c2ff842c15c864,Anoop Baragi,634e3b8701c2ff842c15c864,02/Nov/22 10:58 AM,02/Nov/22 10:58 AM,27/Feb/23 1:52 PM,,,0,,,Anoop Baragi,634e3b8701c2ff842c15c864,,,,,,,,,,,,,,,,,,,,,,,,,,,,,,0|i000fr:,,,,,,,,,,,,,,,To Do
Login Issue,NEWR-27,10086,Test,Development,NEWR,newr,software,Anoop Baragi,634e3b8701c2ff842c15c864,,Medium,,,,Anoop Baragi,634e3b8701c2ff842c15c864,Anoop Baragi,634e3b8701c2ff842c15c864,31/Oct/22 4:10 PM,31/Oct/22 4:11 PM,27/Feb/23 1:52 PM,,,0,,,Anoop Baragi,634e3b8701c2ff842c15c864,,,,,,,,,,,,,,,,,,,,,,,,,,,,,,0|i000fj:,,NEWR Sprint 2,,,,,,,,,,,,,In Progress
vdsgds,MS-43,10085,Story,Development,MS,Mysproject,software,Anoop Baragi,634e3b8701c2ff842c15c864,,Medium,,,,Anoop Baragi,634e3b8701c2ff842c15c864,Anoop Baragi,634e3b8701c2ff842c15c864,18/Oct/22 2:49 PM,18/Oct/22 2:49 PM,22/Feb/23 2:22 PM,,,0,,,Anoop Baragi,634e3b8701c2ff842c15c864,,,,,,,,,,,,,,,,,,,,,,,,,,,,,,0|i000fb:,,,,,,,,,,,,,,,In Progress
COD,NEWR-26,10084,Story,Testing,NEWR,newr,software,Anoop Baragi,634e3b8701c2ff842c15c864,,Medium,,,,Anoop Baragi,634e3b8701c2ff842c15c864,Anoop Baragi,634e3b8701c2ff842c15c864,18/Oct/22 2:48 PM,31/Oct/22 4:08 PM,27/Feb/23 1:52 PM,,,0,,,Anoop Baragi,634e3b8701c2ff842c15c864,,,,,,,,,,,,,,,,,,,,,,,,,,,,,,0|i000f3:,,,,,,,,,,,,,10081,Payment,In Progress
UPI,NEWR-25,10083,Story,To Do,NEWR,newr,software,Anoop Baragi,634e3b8701c2ff842c15c864,,Medium,,,,Anoop Baragi,634e3b8701c2ff842c15c864,Anoop Baragi,634e3b8701c2ff842c15c864,18/Oct/22 2:48 PM,18/Oct/22 2:48 PM,27/Feb/23 1:52 PM,,,0,,,Anoop Baragi,634e3b8701c2ff842c15c864,,,,,,,,,,,,,,,,,,,,,,,,,,,,,,0|i000ev:,,,,,,,,,,,,,10081,Payment,Done
Order,NEWR-24,10082,Epic,To Do,NEWR,newr,software,Anoop Baragi,634e3b8701c2ff842c15c864,,Medium,,,,Anoop Baragi,634e3b8701c2ff842c15c864,Anoop Baragi,634e3b8701c2ff842c15c864,18/Oct/22 2:46 PM,18/Oct/22 2:46 PM,27/Feb/23 1:52 PM,,,0,,,Anoop Baragi,634e3b8701c2ff842c15c864,,,,,,,,,,,,,,,,,,,,,,,,,,,,,,0|i000en:,,,,,,,,,,,,,,,Done
Payment,NEWR-23,10081,Epic,To Do,NEWR,newr,software,Anoop Baragi,634e3b8701c2ff842c15c864,,Medium,,,,Anoop Baragi,634e3b8701c2ff842c15c864,Anoop Baragi,634e3b8701c2ff842c15c864,18/Oct/22 2:46 PM,18/Oct/22 2:46 PM,27/Feb/23 1:52 PM,,,0,,,Anoop Baragi,634e3b8701c2ff842c15c864,,,,,,,,,,,,,,,,,,,,,,,,,,,,,,0|i000ef:,,,,,,,,,,,,,,,Done
Product page,NEWR-22,10080,Epic,To Do,NEWR,newr,software,Anoop Baragi,634e3b8701c2ff842c15c864,,Medium,,,,Anoop Baragi,634e3b8701c2ff842c15c864,Anoop Baragi,634e3b8701c2ff842c15c864,18/Oct/22 2:46 PM,18/Oct/22 2:46 PM,27/Feb/23 1:52 PM,,,0,,,Anoop Baragi,634e3b8701c2ff842c15c864,,,,,,,,,,,,,,,,,,,,,,,,,,,,,,0|i000e7:,,,,,,,,,,,,,,,Done
Home,NEWR-21,10079,Epic,To Do,NEWR,newr,software,Anoop Baragi,634e3b8701c2ff842c15c864,,Medium,,,,Anoop Baragi,634e3b8701c2ff842c15c864,Anoop Baragi,634e3b8701c2ff842c15c864,18/Oct/22 2:45 PM,18/Oct/22 2:45 PM,27/Feb/23 1:52 PM,,,0,,,Anoop Baragi,634e3b8701c2ff842c15c864,,,,,,,,,,,,,,,,,,,,,,,,,,,,,,0|i000dz:,,,,,,,,,,,,,,,Done
Credit/Debit Card,NEWR-16,10078,Story,To Do,NEWR,newr,software,Anoop Baragi,634e3b8701c2ff842c15c864,,Medium,,,,Anoop Baragi,634e3b8701c2ff842c15c864,Anoop Baragi,634e3b8701c2ff842c15c864,18/Oct/22 2:45 PM,18/Oct/22 2:48 PM,27/Feb/23 1:52 PM,,,0,,,Anoop Baragi,634e3b8701c2ff842c15c864,,,,,,,,,,,,,,,,,,,,,,,,,,,,,,0|i000dj:,,,,,,,,,,,,,10081,Payment,Done
Wallet,NEWR-20,10077,Story,To Do,NEWR,newr,software,Anoop Baragi,634e3b8701c2ff842c15c864,,Medium,,,,Anoop Baragi,634e3b8701c2ff842c15c864,Anoop Baragi,634e3b8701c2ff842c15c864,18/Oct/22 2:45 PM,18/Oct/22 2:48 PM,27/Feb/23 1:52 PM,,,0,,,Anoop Baragi,634e3b8701c2ff842c15c864,,,,,,,,,,,,,,,,,,,,,,,,,,,,,,0|i000dj:,,,,,,,,,,,,,10081,Payment,Done
Compare and Share,NEWR-18,10076,Story,To Do,NEWR,newr,software,Anoop Baragi,634e3b8701c2ff842c15c864,,Medium,,,,Anoop Baragi,634e3b8701c2ff842c15c864,Anoop Baragi,634e3b8701c2ff842c15c864,18/Oct/22 2:45 PM,18/Oct/22 2:48 PM,27/Feb/23 1:52 PM,,,0,,,Anoop Baragi,634e3b8701c2ff842c15c864,,,,,,,,,,,,,,,,,,,,,,,,,,,,,,0|i000dr:,,,,,,,,,,,,,10080,Product page,Done
Order,NEWR-19,10075,Story,To Do,NEWR,newr,software,Anoop Baragi,634e3b8701c2ff842c15c864,,Medium,,,,Anoop Baragi,634e3b8701c2ff842c15c864,Anoop Baragi,634e3b8701c2ff842c15c864,18/Oct/22 2:45 PM,18/Oct/22 2:47 PM,27/Feb/23 1:52 PM,,,0,,,Anoop Baragi,634e3b8701c2ff842c15c864,,,,,,,,,,,,,,,,,,,,,,,,,,,,,,0|i000cn:,,,,,,,,,,,,,10082,Order,Done
Add to Cart,NEWR-17,10074,Story,To Do,NEWR,newr,software,Anoop Baragi,634e3b8701c2ff842c15c864,,Medium,,,,Anoop Baragi,634e3b8701c2ff842c15c864,Anoop Baragi,634e3b8701c2ff842c15c864,18/Oct/22 2:45 PM,18/Oct/22 2:50 PM,27/Feb/23 1:52 PM,,,0,,,Anoop Baragi,634e3b8701c2ff842c15c864,,,,,,,,,,,,,,,,,,,,,,,,,,,,,,0|i000cf:,,,,,,,,,,,,,10082,Order,Done
Product,NEWR-15,10073,Story,To Do,NEWR,newr,software,Anoop Baragi,634e3b8701c2ff842c15c864,,Medium,,,,Anoop Baragi,634e3b8701c2ff842c15c864,Anoop Baragi,634e3b8701c2ff842c15c864,18/Oct/22 2:45 PM,18/Oct/22 2:48 PM,27/Feb/23 1:52 PM,,,0,,,Anoop Baragi,634e3b8701c2ff842c15c864,,,,,,,,,,,,,,,,,,,,,,,,,,,,,,0|i000db:,,,,,,,,,,,,,10080,Product page,Done
Top Offers,NEWR-13,10072,Story,To Do,NEWR,newr,software,Anoop Baragi,634e3b8701c2ff842c15c864,,Medium,,,,Anoop Baragi,634e3b8701c2ff842c15c864,Anoop Baragi,634e3b8701c2ff842c15c864,18/Oct/22 2:45 PM,18/Oct/22 2:48 PM,22/Feb/23 3:04 PM,,,0,,,Anoop Baragi,634e3b8701c2ff842c15c864,,,,,,,,,,,,,,,,,,,,,,,,,,,,,,0|i000d3:,,,,,,,,,,,,,10079,Home,Done
Become a seller,NEWR-14,10071,Story,To Do,NEWR,newr,software,Anoop Baragi,634e3b8701c2ff842c15c864,,Medium,,,,Anoop Baragi,634e3b8701c2ff842c15c864,Anoop Baragi,634e3b8701c2ff842c15c864,18/Oct/22 2:45 PM,18/Oct/22 2:48 PM,27/Feb/23 1:52 PM,,,0,,,Anoop Baragi,634e3b8701c2ff842c15c864,,,,,,,,,,,,,,,,,,,,,,,,,,,,,,0|i000db:,,,,,,,,,,,,,10079,Home,Done
Buy Now,NEWR-12,10070,Story,To Do,NEWR,newr,software,Anoop Baragi,634e3b8701c2ff842c15c864,,Medium,,,,Anoop Baragi,634e3b8701c2ff842c15c864,Anoop Baragi,634e3b8701c2ff842c15c864,18/Oct/22 2:45 PM,18/Oct/22 2:50 PM,27/Feb/23 1:52 PM,,,0,,,Anoop Baragi,634e3b8701c2ff842c15c864,,,,,,,,,,,,,,,,,,,,,,,,,,,,,,0|i000cf:,,,,,,,,,,,,,10082,Order,Done
Cart,NEWR-11,10069,Story,To Do,NEWR,newr,software,Anoop Baragi,634e3b8701c2ff842c15c864,,Medium,,,,Anoop Baragi,634e3b8701c2ff842c15c864,Anoop Baragi,634e3b8701c2ff842c15c864,18/Oct/22 2:45 PM,18/Oct/22 2:48 PM,27/Feb/23 1:52 PM,,,0,,,Anoop Baragi,634e3b8701c2ff842c15c864,,,,,,,,,,,,,,,,,,,,,,,,,,,,,,0|i000db:,,,,,,,,,,,,,10079,Home,Done
Mobile,NEWR-10,10068,Story,To Do,NEWR,newr,software,Anoop Baragi,634e3b8701c2ff842c15c864,,Medium,,,,Anoop Baragi,634e3b8701c2ff842c15c864,Anoop Baragi,634e3b8701c2ff842c15c864,18/Oct/22 2:45 PM,18/Oct/22 2:47 PM,27/Feb/23 1:52 PM,,,0,,,Anoop Baragi,634e3b8701c2ff842c15c864,,,,,,,,,,,,,,,,,,,,,,,,,,,,,,0|i000cf:,,,,,,,,,,,,,10080,Product page,Done
Grocery,NEWR-9,10067,Story,To Do,NEWR,newr,software,Anoop Baragi,634e3b8701c2ff842c15c864,,Medium,,,,Anoop Baragi,634e3b8701c2ff842c15c864,Anoop Baragi,634e3b8701c2ff842c15c864,18/Oct/22 2:45 PM,18/Oct/22 2:48 PM,27/Feb/23 1:52 PM,,,0,,,Anoop Baragi,634e3b8701c2ff842c15c864,,,,,,,,,,,,,,,,,,,,,,,,,,,,,,0|i000d3:,,,,,,,,,,,,,10079,Home,Done
More,NEWR-8,10066,Story,Ready to realse,NEWR,newr,software,Anoop Baragi,634e3b8701c2ff842c15c864,,Medium,,,,Anoop Baragi,634e3b8701c2ff842c15c864,Anoop Baragi,634e3b8701c2ff842c15c864,18/Oct/22 2:45 PM,18/Oct/22 2:55 PM,27/Feb/23 1:52 PM,,,0,,,Anoop Baragi,634e3b8701c2ff842c15c864,,,,,,,,,,,,,,,,,,,,,,,,,,,,,,0|i000bz:,,NEWR Sprint 1,,,,,,,,,,,10079,Home,In Progress
My Cart,NEWR-7,10065,Story,Ready to realse,NEWR,newr,software,Anoop Baragi,634e3b8701c2ff842c15c864,,Medium,,,,Anoop Baragi,634e3b8701c2ff842c15c864,Anoop Baragi,634e3b8701c2ff842c15c864,18/Oct/22 2:45 PM,18/Oct/22 2:55 PM,27/Feb/23 1:52 PM,,,0,,,Anoop Baragi,634e3b8701c2ff842c15c864,,,,,,,,,,,,,,,,,,,,,,,,,,,,,,0|i000c1:,,NEWR Sprint 1,,,,,,,,,,,10079,Home,In Progress
Search Bar,NEWR-6,10064,Story,To Do,NEWR,newr,software,Anoop Baragi,634e3b8701c2ff842c15c864,,Medium,,,,Anoop Baragi,634e3b8701c2ff842c15c864,Anoop Baragi,634e3b8701c2ff842c15c864,18/Oct/22 2:45 PM,18/Oct/22 2:48 PM,27/Feb/23 1:52 PM,,,0,,,Anoop Baragi,634e3b8701c2ff842c15c864,,,,,,,,,,,,,,,,,,,,,,,,,,,,,,0|i000d3:,,,,,,,,,,,,,10079,Home,Done
Payment,NEWR-4,10063,Story,To Do,NEWR,newr,software,Anoop Baragi,634e3b8701c2ff842c15c864,,Medium,,,,Anoop Baragi,634e3b8701c2ff842c15c864,Anoop Baragi,634e3b8701c2ff842c15c864,18/Oct/22 2:45 PM,18/Oct/22 2:48 PM,27/Feb/23 1:52 PM,,,0,,,Anoop Baragi,634e3b8701c2ff842c15c864,,,,,,,,,,,,,,,,,,,,,,,,,,,,,,0|i000cv:,,,,,,,,,,,,,10081,Payment,Done
Netbanking,NEWR-5,10062,Story,Ready to realse,NEWR,newr,software,Anoop Baragi,634e3b8701c2ff842c15c864,,Medium,,,,Anoop Baragi,634e3b8701c2ff842c15c864,Anoop Baragi,634e3b8701c2ff842c15c864,18/Oct/22 2:45 PM,18/Oct/22 2:55 PM,27/Feb/23 1:52 PM,,,0,,,Anoop Baragi,634e3b8701c2ff842c15c864,,,,,,,,,,,,,,,,,,,,,,,,,,,,,,0|i000c3:,,NEWR Sprint 1,,,,,,,,,,,10081,Payment,In Progress
Home page,NEWR-3,10061,Story,To Do,NEWR,newr,software,Anoop Baragi,634e3b8701c2ff842c15c864,,Medium,,,,Anoop Baragi,634e3b8701c2ff842c15c864,Anoop Baragi,634e3b8701c2ff842c15c864,18/Oct/22 2:45 PM,18/Oct/22 2:47 PM,27/Feb/23 1:52 PM,,,0,,,Anoop Baragi,634e3b8701c2ff842c15c864,,,,,,,,,,,,,,,,,,,,,,,,,,,,,,0|i000cn:,,,,,,,,,,,,,10079,Home,Done
Login,NEWR-2,10060,Story,To Do,NEWR,newr,software,Anoop Baragi,634e3b8701c2ff842c15c864,,Medium,,,,Anoop Baragi,634e3b8701c2ff842c15c864,Anoop Baragi,634e3b8701c2ff842c15c864,18/Oct/22 2:45 PM,18/Oct/22 2:48 PM,27/Feb/23 1:52 PM,,,0,,,Anoop Baragi,634e3b8701c2ff842c15c864,,,,,,,,,,,,,,,,,,,,,,,,,,,,,,0|i000cv:,,,,,,,,,,,,,10079,Home,Done
Emi,NEWR-1,10059,Story,Ready to realse,NEWR,newr,software,Anoop Baragi,634e3b8701c2ff842c15c864,,Medium,,,,Anoop Baragi,634e3b8701c2ff842c15c864,Anoop Baragi,634e3b8701c2ff842c15c864,18/Oct/22 2:45 PM,18/Oct/22 2:55 PM,27/Feb/23 1:52 PM,,,0,,,Anoop Baragi,634e3b8701c2ff842c15c864,,,,,,,,,,,,,,,,,,,,,,,,,,,,,,0|i000c7:,,NEWR Sprint 1,,,,,,,,,,,10081,Payment,In Progress
Kids,NEW-17,10058,Story,Development,NEW,new,software,Anoop Baragi,634e3b8701c2ff842c15c864,,Medium,,,,Anoop Baragi,634e3b8701c2ff842c15c864,Anoop Baragi,634e3b8701c2ff842c15c864,18/Oct/22 2:36 PM,18/Oct/22 2:36 PM,27/Feb/23 1:52 PM,,,0,,,Anoop Baragi,634e3b8701c2ff842c15c864,,,,,,,,,,,,,,,,,,,,,,,,,,,,,,0|i000bj:,,,,,,,,,,,,,10056,View Page,In Progress
News,NEW-16,10057,Story,Development,NEW,new,software,Anoop Baragi,634e3b8701c2ff842c15c864,,Medium,,,,Anoop Baragi,634e3b8701c2ff842c15c864,Anoop Baragi,634e3b8701c2ff842c15c864,18/Oct/22 2:35 PM,18/Oct/22 2:35 PM,27/Feb/23 1:52 PM,,,0,,,Anoop Baragi,634e3b8701c2ff842c15c864,,,,,,,,,,,,,,,,,,,,,,,,,,,,,,0|i000bb:,,,,,,,,,,,,,10056,View Page,In Progress
View Page,NEW-15,10056,Epic,To Do,NEW,new,software,Anoop Baragi,634e3b8701c2ff842c15c864,,Medium,,,,Anoop Baragi,634e3b8701c2ff842c15c864,Anoop Baragi,634e3b8701c2ff842c15c864,18/Oct/22 2:27 PM,18/Oct/22 2:27 PM,27/Feb/23 1:52 PM,,,0,,,Anoop Baragi,634e3b8701c2ff842c15c864,,,,,,,,,,,,,,,,,,,,,,,,,,,,,,0|i000b3:,,,,,,,,,,,,,,,Done
Payment,NEW-14,10055,Epic,To Do,NEW,new,software,Anoop Baragi,634e3b8701c2ff842c15c864,,Medium,,,,Anoop Baragi,634e3b8701c2ff842c15c864,Anoop Baragi,634e3b8701c2ff842c15c864,18/Oct/22 2:26 PM,18/Oct/22 2:26 PM,27/Feb/23 1:52 PM,,,0,,,Anoop Baragi,634e3b8701c2ff842c15c864,,,,,,,,,,,,,,,,,,,,,,,,,,,,,,0|i000av:,,,,,,,,,,,,,,,Done
Home Page,NEW-13,10054,Epic,To Do,NEW,new,software,Anoop Baragi,634e3b8701c2ff842c15c864,,Medium,,,,Anoop Baragi,634e3b8701c2ff842c15c864,Anoop Baragi,634e3b8701c2ff842c15c864,18/Oct/22 2:26 PM,18/Oct/22 2:26 PM,27/Feb/23 1:52 PM,,,0,,,Anoop Baragi,634e3b8701c2ff842c15c864,,,,,,,,,,,,,,,,,,,,,,,,,,,,,,0|i000an:,,,,,,,,,,,,,,,Done
UPI,NEW-12,10053,Story,Ready to reales,NEW,new,software,Anoop Baragi,634e3b8701c2ff842c15c864,,Medium,,,,Anoop Baragi,634e3b8701c2ff842c15c864,Anoop Baragi,634e3b8701c2ff842c15c864,18/Oct/22 2:25 PM,18/Oct/22 2:34 PM,27/Feb/23 1:52 PM,,,0,,,Anoop Baragi,634e3b8701c2ff842c15c864,,,,,,,,,,,,,,,,,,,,,,,,,,,,,,0|i0009x:,,NEW Sprint 4,,,,,,,,,,,10055,Payment,In Progress
NetBanking,NEW-11,10052,Story,Ready to reales,NEW,new,software,Anoop Baragi,634e3b8701c2ff842c15c864,,Medium,,,,Anoop Baragi,634e3b8701c2ff842c15c864,Anoop Baragi,634e3b8701c2ff842c15c864,18/Oct/22 2:25 PM,18/Oct/22 2:34 PM,27/Feb/23 1:52 PM,,,0,,,Anoop Baragi,634e3b8701c2ff842c15c864,,,,,,,,,,,,,,,,,,,,,,,,,,,,,,0|i000a7:,,NEW Sprint 4,,,,,,,,,,,10055,Payment,In Progress
Credit/Debit Card,NEW-10,10051,Story,Ready to reales,NEW,new,software,Anoop Baragi,634e3b8701c2ff842c15c864,,Medium,,,,Anoop Baragi,634e3b8701c2ff842c15c864,Anoop Baragi,634e3b8701c2ff842c15c864,18/Oct/22 2:24 PM,18/Oct/22 2:33 PM,27/Feb/23 1:52 PM,,,0,,,Anoop Baragi,634e3b8701c2ff842c15c864,,,,,,,,,,,,,,,,,,,,,,,,,,,,,,0|i0009n:,,NEW Sprint 3,,,,,,,,,,,10055,Payment,In Progress
Payment,NEW-9,10050,Story,Ready to reales,NEW,new,software,Anoop Baragi,634e3b8701c2ff842c15c864,,Medium,,,,Anoop Baragi,634e3b8701c2ff842c15c864,Anoop Baragi,634e3b8701c2ff842c15c864,18/Oct/22 2:24 PM,18/Oct/22 2:33 PM,27/Feb/23 1:52 PM,,,0,,,Anoop Baragi,634e3b8701c2ff842c15c864,,,,,,,,,,,,,,,,,,,,,,,,,,,,,,0|i0009l:,,NEW Sprint 3,,,,,,,,,,,10055,Payment,In Progress
Plans,NEW-8,10049,Story,Ready to reales,NEW,new,software,Anoop Baragi,634e3b8701c2ff842c15c864,,Medium,,,,Anoop Baragi,634e3b8701c2ff842c15c864,Anoop Baragi,634e3b8701c2ff842c15c864,18/Oct/22 2:24 PM,18/Oct/22 2:32 PM,27/Feb/23 1:52 PM,,,0,,,Anoop Baragi,634e3b8701c2ff842c15c864,,,,,,,,,,,,,,,,,,,,,,,,,,,,,,0|i0009j:,,NEW Sprint 2,,,,,,,,,,,10056,View Page,In Progress
Subscribe,NEW-7,10048,Story,Ready to reales,NEW,new,software,Anoop Baragi,634e3b8701c2ff842c15c864,,Medium,,,,Anoop Baragi,634e3b8701c2ff842c15c864,Anoop Baragi,634e3b8701c2ff842c15c864,18/Oct/22 2:24 PM,18/Oct/22 2:32 PM,27/Feb/23 1:52 PM,,,0,,,Anoop Baragi,634e3b8701c2ff842c15c864,,,,,,,,,,,,,,,,,,,,,,,,,,,,,,0|i00096:,,NEW Sprint 2,,,,,,,,,,,10056,View Page,In Progress
Sports,NEW-6,10047,Story,Ready to reales,NEW,new,software,Anoop Baragi,634e3b8701c2ff842c15c864,,Medium,,,,Anoop Baragi,634e3b8701c2ff842c15c864,Anoop Baragi,634e3b8701c2ff842c15c864,18/Oct/22 2:24 PM,18/Oct/22 2:32 PM,27/Feb/23 1:52 PM,,,0,,,Anoop Baragi,634e3b8701c2ff842c15c864,,,,,,,,,,,,,,,,,,,,,,,,,,,,,,0|i0008u:,,NEW Sprint 2,,,,,,,,,,,10054,Home Page,In Progress
Movies,NEW-5,10046,Story,Ready to reales,NEW,new,software,Anoop Baragi,634e3b8701c2ff842c15c864,,Medium,,,,Anoop Baragi,634e3b8701c2ff842c15c864,Anoop Baragi,634e3b8701c2ff842c15c864,18/Oct/22 2:24 PM,18/Oct/22 2:32 PM,27/Feb/23 1:52 PM,,,0,,,Anoop Baragi,634e3b8701c2ff842c15c864,,,,,,,,,,,,,,,,,,,,,,,,,,,,,,0|i0009k:,,NEW Sprint 2,,,,,,,,,,,10054,Home Page,In Progress
Search,NEW-4,10045,Story,Ready to reales,NEW,new,software,Anoop Baragi,634e3b8701c2ff842c15c864,,Medium,,,,Anoop Baragi,634e3b8701c2ff842c15c864,Anoop Baragi,634e3b8701c2ff842c15c864,18/Oct/22 2:24 PM,18/Oct/22 2:29 PM,27/Feb/23 1:52 PM,,,0,,,Anoop Baragi,634e3b8701c2ff842c15c864,,,,,,,,,,,,,,,,,,,,,,,,,,,,,,0|i00083:,,NEW Sprint 1,,,,,,,,,,,10054,Home Page,In Progress
Logout,NEW-3,10044,Story,Ready to reales,NEW,new,software,Anoop Baragi,634e3b8701c2ff842c15c864,,Medium,,,,Anoop Baragi,634e3b8701c2ff842c15c864,Anoop Baragi,634e3b8701c2ff842c15c864,18/Oct/22 2:23 PM,18/Oct/22 2:29 PM,27/Feb/23 1:52 PM,,,0,,,Anoop Baragi,634e3b8701c2ff842c15c864,,,,,,,,,,,,,,,,,,,,,,,,,,,,,,0|i00081:,,NEW Sprint 1,,,,,,,,,,,10054,Home Page,In Progress
Login,NEW-2,10043,Story,Ready to reales,NEW,new,software,Anoop Baragi,634e3b8701c2ff842c15c864,,Medium,,,,Anoop Baragi,634e3b8701c2ff842c15c864,Anoop Baragi,634e3b8701c2ff842c15c864,18/Oct/22 2:23 PM,18/Oct/22 2:29 PM,27/Feb/23 1:52 PM,,,0,,,Anoop Baragi,634e3b8701c2ff842c15c864,,,,,,,,,,,,,,,,,,,,,,,,,,,,,,0|i00085:,,NEW Sprint 1,,,,,,,,,,,10054,Home Page,In Progress
Home Page,NEW-1,10042,Story,Ready to reales,NEW,new,software,Anoop Baragi,634e3b8701c2ff842c15c864,,Medium,,,,Anoop Baragi,634e3b8701c2ff842c15c864,Anoop Baragi,634e3b8701c2ff842c15c864,18/Oct/22 2:23 PM,18/Oct/22 2:29 PM,27/Feb/23 1:52 PM,,,0,,,Anoop Baragi,634e3b8701c2ff842c15c864,,,,,,,,,,,,,,,,,,,,,,,,,,,,,,0|i0007z:,,NEW Sprint 1,,,,,,,,,,,10054,Home Page,In Progress
Aaa,MS-42,10041,Epic,ToDo,MS,Mysproject,software,Anoop Baragi,634e3b8701c2ff842c15c864,,Medium,Done,,,Anoop Baragi,634e3b8701c2ff842c15c864,Anoop Baragi,634e3b8701c2ff842c15c864,18/Oct/22 2:20 PM,18/Oct/22 2:20 PM,27/Feb/23 1:52 PM,18/Oct/22 2:20 PM,,0,,,Anoop Baragi,634e3b8701c2ff842c15c864,,,,,,,,,,,,,,,,,,,,,,,,,,,,,,0|i0007r:,,,,,,,,,,,,,,,Done
Bank details,MS-41,10040,Story,Ready to realse,MS,Mysproject,software,Anoop Baragi,634e3b8701c2ff842c15c864,,Medium,,,,Anoop Baragi,634e3b8701c2ff842c15c864,Anoop Baragi,634e3b8701c2ff842c15c864,18/Oct/22 2:20 PM,18/Oct/22 2:21 PM,27/Feb/23 1:52 PM,,,0,,,Anoop Baragi,634e3b8701c2ff842c15c864,,,,,,,,,,,,,,,,,,,,,,,,,,,,,,0|i00077:,,MS Sprint 3,,,,,,,,,,,10033,Refund,In Progress
Items to return,MS-40,10039,Story,Ready to realse,MS,Mysproject,software,Anoop Baragi,634e3b8701c2ff842c15c864,,Medium,,,,Anoop Baragi,634e3b8701c2ff842c15c864,Anoop Baragi,634e3b8701c2ff842c15c864,18/Oct/22 2:16 PM,18/Oct/22 2:21 PM,27/Feb/23 1:52 PM,,,0,,,Anoop Baragi,634e3b8701c2ff842c15c864,,,,,,,,,,,,,,,,,,,,,,,,,,,,,,0|i00075:,,MS Sprint 3,,,,,,,,,,,10033,Refund,In Progress
Refund,MS-39,10038,Story,Ready to realse,MS,Mysproject,software,Anoop Baragi,634e3b8701c2ff842c15c864,,Medium,,,,Anoop Baragi,634e3b8701c2ff842c15c864,Anoop Baragi,634e3b8701c2ff842c15c864,18/Oct/22 2:14 PM,18/Oct/22 2:21 PM,27/Feb/23 1:52 PM,,,0,,,Anoop Baragi,634e3b8701c2ff842c15c864,,,,,,,,,,,,,,,,,,,,,,,,,,,,,,0|i00073:,,MS Sprint 3,,,,,,,,,,,10033,Refund,In Progress
Refund,MS-35,10034,Epic,ToDo,MS,Mysproject,software,Anoop Baragi,634e3b8701c2ff842c15c864,,Medium,Done,,,Anoop Baragi,634e3b8701c2ff842c15c864,Anoop Baragi,634e3b8701c2ff842c15c864,18/Oct/22 2:07 PM,18/Oct/22 2:15 PM,27/Feb/23 1:52 PM,18/Oct/22 2:07 PM,,0,,,Anoop Baragi,634e3b8701c2ff842c15c864,,,,,,,,,,,,,,,,,,,,,,,,,,,,,,0|i0006v:,,,,,,,,,,,,,,,Done
Refund,MS-34,10033,Epic,ToDo,MS,Mysproject,software,Anoop Baragi,634e3b8701c2ff842c15c864,,Medium,Done,,,Anoop Baragi,634e3b8701c2ff842c15c864,Anoop Baragi,634e3b8701c2ff842c15c864,18/Oct/22 2:06 PM,18/Oct/22 2:15 PM,27/Feb/23 1:52 PM,18/Oct/22 2:06 PM,,0,,,Anoop Baragi,634e3b8701c2ff842c15c864,,,,,,,,,,,,,,,,,,,,,,,,,,,,,,0|i0006n:,,,,,,,,,,,,,,,Done
bank details,MS-33,10032,Story,ToDo,MS,Mysproject,software,Anoop Baragi,634e3b8701c2ff842c15c864,,Medium,Done,,,Anoop Baragi,634e3b8701c2ff842c15c864,Anoop Baragi,634e3b8701c2ff842c15c864,18/Oct/22 2:06 PM,18/Oct/22 2:15 PM,27/Feb/23 1:52 PM,18/Oct/22 2:06 PM,,0,,,Anoop Baragi,634e3b8701c2ff842c15c864,,,,,,,,,,,,,,,,,,,,,,,,,,,,,,0|i0006f:,,,,,,,,,,,,,,,Done
items to be returned,MS-32,10031,Story,ToDo,MS,Mysproject,software,Anoop Baragi,634e3b8701c2ff842c15c864,,Medium,Done,,,Anoop Baragi,634e3b8701c2ff842c15c864,Anoop Baragi,634e3b8701c2ff842c15c864,18/Oct/22 2:05 PM,18/Oct/22 2:15 PM,27/Feb/23 1:52 PM,18/Oct/22 2:05 PM,,0,,,Anoop Baragi,634e3b8701c2ff842c15c864,,,,,,,,,,,,,,,,,,,,,,,,,,,,,,0|i00067:,,,,,,,,,,,,,,,Done
Return,MS-31,10030,Story,ToDo,MS,Mysproject,software,Anoop Baragi,634e3b8701c2ff842c15c864,,Medium,Done,,,Anoop Baragi,634e3b8701c2ff842c15c864,Anoop Baragi,634e3b8701c2ff842c15c864,18/Oct/22 2:05 PM,18/Oct/22 2:15 PM,27/Feb/23 1:52 PM,18/Oct/22 2:05 PM,,0,,,Anoop Baragi,634e3b8701c2ff842c15c864,,,,,,,,,,,,,,,,,,,,,,,,,,,,,,0|i0006b:,,,,,,,,,,,,,,,Done
Share,MS-30,10029,Story,Ready to realse,MS,Mysproject,software,Anoop Baragi,634e3b8701c2ff842c15c864,,Medium,,,,Anoop Baragi,634e3b8701c2ff842c15c864,Anoop Baragi,634e3b8701c2ff842c15c864,18/Oct/22 12:30 PM,18/Oct/22 2:19 PM,27/Feb/23 1:52 PM,,,0,,,Anoop Baragi,634e3b8701c2ff842c15c864,,,,,,,,,,,,,,,,,,,,,,,,,,,,,,0|i0001b:9,,MS Sprint 2,,,,,,,,,,,10023,Product Page,In Progress
COD,MS-29,10028,Story,Ready to realse,MS,Mysproject,software,Anoop Baragi,634e3b8701c2ff842c15c864,,Medium,,,,Anoop Baragi,634e3b8701c2ff842c15c864,Anoop Baragi,634e3b8701c2ff842c15c864,18/Oct/22 12:28 PM,18/Oct/22 2:18 PM,27/Feb/23 1:52 PM,,,0,,,Anoop Baragi,634e3b8701c2ff842c15c864,,,,,,,,,,,,,,,,,,,,,,,,,,,,,,0|i00003:00i,,MS Sprint 1,,,,,,,,,,,10024,Payment,In Progress
UPI,MS-28,10027,Story,Ready to realse,MS,Mysproject,software,Anoop Baragi,634e3b8701c2ff842c15c864,,Medium,,,,Anoop Baragi,634e3b8701c2ff842c15c864,Anoop Baragi,634e3b8701c2ff842c15c864,18/Oct/22 12:28 PM,18/Oct/22 2:19 PM,27/Feb/23 1:52 PM,,,0,,,Anoop Baragi,634e3b8701c2ff842c15c864,,,,,,,,,,,,,,,,,,,,,,,,,,,,,,0|i00019:,,MS Sprint 2,,,,,,,,,,,10024,Payment,In Progress
Product,MS-27,10026,Story,Ready to realse,MS,Mysproject,software,Anoop Baragi,634e3b8701c2ff842c15c864,,Medium,,,,Anoop Baragi,634e3b8701c2ff842c15c864,Anoop Baragi,634e3b8701c2ff842c15c864,18/Oct/22 12:27 PM,18/Oct/22 2:19 PM,27/Feb/23 1:52 PM,,,0,,,Anoop Baragi,634e3b8701c2ff842c15c864,,,,,,,,,,,,,,,,,,,,,,,,,,,,,,0|i00003:2,,MS Sprint 1,,,,,,,,,,,10023,Product Page,In Progress
Order,MS-26,10025,Epic,ToDo,MS,Mysproject,software,Anoop Baragi,634e3b8701c2ff842c15c864,,Medium,,,,Anoop Baragi,634e3b8701c2ff842c15c864,Anoop Baragi,634e3b8701c2ff842c15c864,18/Oct/22 12:15 PM,18/Oct/22 2:15 PM,27/Feb/23 1:52 PM,,,0,,,Anoop Baragi,634e3b8701c2ff842c15c864,,,,,,,,,,,,,,,,,,,,,,,,,,,,,,0|i0005b:,,,,,,,,,,,,,,,Done
Payment,MS-25,10024,Epic,ToDo,MS,Mysproject,software,Anoop Baragi,634e3b8701c2ff842c15c864,,Medium,,,,Anoop Baragi,634e3b8701c2ff842c15c864,Anoop Baragi,634e3b8701c2ff842c15c864,18/Oct/22 12:14 PM,18/Oct/22 2:15 PM,27/Feb/23 1:52 PM,,,0,,,Anoop Baragi,634e3b8701c2ff842c15c864,,,,,,,,,,,,,,,,,,,,,,,,,,,,,,0|i00053:,,,,,,,,,,,,,,,Done
Product Page,MS-24,10023,Epic,ToDo,MS,Mysproject,software,Anoop Baragi,634e3b8701c2ff842c15c864,,Medium,,,,Anoop Baragi,634e3b8701c2ff842c15c864,Anoop Baragi,634e3b8701c2ff842c15c864,18/Oct/22 12:12 PM,18/Oct/22 2:15 PM,27/Feb/23 1:52 PM,,,0,,,Anoop Baragi,634e3b8701c2ff842c15c864,,,,,,,,,,,,,,,,,,,,,,,,,,,,,,0|i0004v:,,,,,,,,,,,,,,,Done
home page,MS-23,10022,Epic,ToDo,MS,Mysproject,software,Anoop Baragi,634e3b8701c2ff842c15c864,,Medium,,,,Anoop Baragi,634e3b8701c2ff842c15c864,Anoop Baragi,634e3b8701c2ff842c15c864,18/Oct/22 12:06 PM,18/Oct/22 2:15 PM,27/Feb/23 1:52 PM,,,0,,,Anoop Baragi,634e3b8701c2ff842c15c864,,,,,,,,,,,,,,,,,,,,,,,,,,,,,,0|i0004n:,,,,,,,,,,,,,,,Done
My Cart,MS-21,10020,Story,Ready to realse,MS,Mysproject,software,Anoop Baragi,634e3b8701c2ff842c15c864,,Medium,,,,Anoop Baragi,634e3b8701c2ff842c15c864,Anoop Baragi,634e3b8701c2ff842c15c864,18/Oct/22 12:00 PM,18/Oct/22 2:18 PM,27/Feb/23 1:52 PM,,,0,,,Anoop Baragi,634e3b8701c2ff842c15c864,,,,,,,,,,,,,,,,,,,,,,,,,,,,,,0|i00003:004,,MS Sprint 1,,,,,,,,,,,10025,Order,In Progress
Order,MS-20,10019,Story,Ready to realse,MS,Mysproject,software,Anoop Baragi,634e3b8701c2ff842c15c864,,Medium,,,,Anoop Baragi,634e3b8701c2ff842c15c864,Anoop Baragi,634e3b8701c2ff842c15c864,18/Oct/22 12:00 PM,18/Oct/22 2:18 PM,27/Feb/23 1:52 PM,,,0,,,Anoop Baragi,634e3b8701c2ff842c15c864,,,,,,,,,,,,,,,,,,,,,,,,,,,,,,0|hzzzzv:,,MS Sprint 1,,,,,,,,,,,10025,Order,In Progress
EMI,MS-19,10018,Story,Ready to realse,MS,Mysproject,software,Anoop Baragi,634e3b8701c2ff842c15c864,,Medium,,,,Anoop Baragi,634e3b8701c2ff842c15c864,Anoop Baragi,634e3b8701c2ff842c15c864,18/Oct/22 11:59 AM,18/Oct/22 2:19 PM,27/Feb/23 1:52 PM,,,0,,,Anoop Baragi,634e3b8701c2ff842c15c864,,,,,,,,,,,,,,,,,,,,,,,,,,,,,,0|i0001c:i,,MS Sprint 2,,,,,,,,,,,10024,Payment,In Progress
Netbanking,MS-18,10017,Story,Ready to realse,MS,Mysproject,software,Anoop Baragi,634e3b8701c2ff842c15c864,,Medium,,,,Anoop Baragi,634e3b8701c2ff842c15c864,Anoop Baragi,634e3b8701c2ff842c15c864,18/Oct/22 11:59 AM,18/Oct/22 2:18 PM,27/Feb/23 1:52 PM,,,0,,,Anoop Baragi,634e3b8701c2ff842c15c864,,,,,,,,,,,,,,,,,,,,,,,,,,,,,,0|i00003:009,,MS Sprint 1,,,,,,,,,,,10024,Payment,In Progress
Credit/Debit Card,MS-17,10016,Story,Ready to realse,MS,Mysproject,software,Anoop Baragi,634e3b8701c2ff842c15c864,,Medium,,,,Anoop Baragi,634e3b8701c2ff842c15c864,Anoop Baragi,634e3b8701c2ff842c15c864,18/Oct/22 11:59 AM,18/Oct/22 2:18 PM,27/Feb/23 1:52 PM,,,0,,,Anoop Baragi,634e3b8701c2ff842c15c864,,,,,,,,,,,,,,,,,,,,,,,,,,,,,,0|i00003:01,,MS Sprint 1,,,,,,,,,,,10024,Payment,In Progress
Wallet,MS-16,10015,Story,Ready to realse,MS,Mysproject,software,Anoop Baragi,634e3b8701c2ff842c15c864,,Medium,,,,Anoop Baragi,634e3b8701c2ff842c15c864,Anoop Baragi,634e3b8701c2ff842c15c864,18/Oct/22 11:59 AM,18/Oct/22 2:19 PM,27/Feb/23 1:52 PM,,,0,,,Anoop Baragi,634e3b8701c2ff842c15c864,,,,,,,,,,,,,,,,,,,,,,,,,,,,,,0|i0001c:,,MS Sprint 2,,,,,,,,,,,10024,Payment,In Progress
Payment,MS-15,10014,Story,Ready to realse,MS,Mysproject,software,Anoop Baragi,634e3b8701c2ff842c15c864,,Medium,,,,Anoop Baragi,634e3b8701c2ff842c15c864,Anoop Baragi,634e3b8701c2ff842c15c864,18/Oct/22 11:59 AM,18/Oct/22 2:18 PM,27/Feb/23 1:52 PM,,,0,,,Anoop Baragi,634e3b8701c2ff842c15c864,,,,,,,,,,,,,,,,,,,,,,,,,,,,,,0|i00003:04,,MS Sprint 1,,,,,,,,,,,10024,Payment,In Progress
Compare,MS-14,10013,Story,Ready to realse,MS,Mysproject,software,Anoop Baragi,634e3b8701c2ff842c15c864,,Medium,,,,Anoop Baragi,634e3b8701c2ff842c15c864,Anoop Baragi,634e3b8701c2ff842c15c864,18/Oct/22 11:59 AM,18/Oct/22 2:19 PM,27/Feb/23 1:52 PM,,,0,,,Anoop Baragi,634e3b8701c2ff842c15c864,,,,,,,,,,,,,,,,,,,,,,,,,,,,,,0|i0001d:,,MS Sprint 2,,,,,,,,,,,10023,Product Page,In Progress
Buy Now,MS-13,10012,Story,Ready to realse,MS,Mysproject,software,Anoop Baragi,634e3b8701c2ff842c15c864,,Medium,,,,Anoop Baragi,634e3b8701c2ff842c15c864,Anoop Baragi,634e3b8701c2ff842c15c864,18/Oct/22 11:59 AM,18/Oct/22 2:19 PM,27/Feb/23 1:52 PM,,,0,,,Anoop Baragi,634e3b8701c2ff842c15c864,,,,,,,,,,,,,,,,,,,,,,,,,,,,,,0|i00003:09,,MS Sprint 1,,,,,,,,,,,10023,Product Page,In Progress
add to cart,MS-12,10011,Story,Ready to realse,MS,Mysproject,software,Anoop Baragi,634e3b8701c2ff842c15c864,,Medium,,,,Anoop Baragi,634e3b8701c2ff842c15c864,Anoop Baragi,634e3b8701c2ff842c15c864,18/Oct/22 11:59 AM,18/Oct/22 2:18 PM,27/Feb/23 1:52 PM,,,0,,,Anoop Baragi,634e3b8701c2ff842c15c864,,,,,,,,,,,,,,,,,,,,,,,,,,,,,,0|i00003:02,,MS Sprint 1,,,,,,,,,,,10023,Product Page,In Progress
product page,MS-11,10010,Story,Ready to realse,MS,Mysproject,software,Anoop Baragi,634e3b8701c2ff842c15c864,,Medium,,,,Anoop Baragi,634e3b8701c2ff842c15c864,Anoop Baragi,634e3b8701c2ff842c15c864,18/Oct/22 11:58 AM,18/Oct/22 2:19 PM,27/Feb/23 1:52 PM,,,0,,,Anoop Baragi,634e3b8701c2ff842c15c864,,,,,,,,,,,,,,,,,,,,,,,,,,,,,,0|i00003:0i,,MS Sprint 1,,,,,,,,,,,10023,Product Page,In Progress
mobile,MS-10,10009,Story,Ready to realse,MS,Mysproject,software,Anoop Baragi,634e3b8701c2ff842c15c864,,Medium,,,,Anoop Baragi,634e3b8701c2ff842c15c864,Anoop Baragi,634e3b8701c2ff842c15c864,18/Oct/22 11:58 AM,18/Oct/22 2:19 PM,27/Feb/23 1:52 PM,,,0,,,Anoop Baragi,634e3b8701c2ff842c15c864,,,,,,,,,,,,,,,,,,,,,,,,,,,,,,0|i0001b:i,,MS Sprint 2,,,,,,,,,,,10023,Product Page,In Progress
grocery,MS-9,10008,Story,Ready to realse,MS,Mysproject,software,Anoop Baragi,634e3b8701c2ff842c15c864,,Medium,,,,Anoop Baragi,634e3b8701c2ff842c15c864,Anoop Baragi,634e3b8701c2ff842c15c864,18/Oct/22 11:58 AM,18/Oct/22 2:19 PM,27/Feb/23 1:52 PM,,,0,,,Anoop Baragi,634e3b8701c2ff842c15c864,,,,,,,,,,,,,,,,,,,,,,,,,,,,,,0|i0001b:,,MS Sprint 2,,,,,,,,,,,10022,home page,In Progress
top offers,MS-8,10007,Story,Ready to realse,MS,Mysproject,software,Anoop Baragi,634e3b8701c2ff842c15c864,,Medium,,,,Anoop Baragi,634e3b8701c2ff842c15c864,Anoop Baragi,634e3b8701c2ff842c15c864,18/Oct/22 11:58 AM,18/Oct/22 2:19 PM,27/Feb/23 1:52 PM,,,0,,,Anoop Baragi,634e3b8701c2ff842c15c864,,,,,,,,,,,,,,,,,,,,,,,,,,,,,,0|i0001c:9,,MS Sprint 2,,,,,,,,,,,10022,home page,In Progress
cart,MS-7,10006,Story,Ready to realse,MS,Mysproject,software,Anoop Baragi,634e3b8701c2ff842c15c864,,Medium,,,,Anoop Baragi,634e3b8701c2ff842c15c864,Anoop Baragi,634e3b8701c2ff842c15c864,18/Oct/22 11:58 AM,18/Oct/22 2:19 PM,27/Feb/23 1:52 PM,,,0,,,Anoop Baragi,634e3b8701c2ff842c15c864,,,,,,,,,,,,,,,,,,,,,,,,,,,,,,0|i00003:4,,MS Sprint 1,,,,,,,,,,,10022,home page,In Progress
more,MS-6,10005,Story,Ready to realse,MS,Mysproject,software,Anoop Baragi,634e3b8701c2ff842c15c864,,Medium,,,,Anoop Baragi,634e3b8701c2ff842c15c864,Anoop Baragi,634e3b8701c2ff842c15c864,18/Oct/22 11:57 AM,18/Oct/22 2:19 PM,27/Feb/23 1:52 PM,,,0,,,Anoop Baragi,634e3b8701c2ff842c15c864,,,,,,,,,,,,,,,,,,,,,,,,,,,,,,0|i0001f:,,MS Sprint 2,,,,,,,,,,,10022,home page,In Progress
Become a seller,MS-5,10004,Story,Ready to realse,MS,Mysproject,software,Anoop Baragi,634e3b8701c2ff842c15c864,,Medium,,,,Anoop Baragi,634e3b8701c2ff842c15c864,Anoop Baragi,634e3b8701c2ff842c15c864,18/Oct/22 11:57 AM,18/Oct/22 2:19 PM,27/Feb/23 1:52 PM,,,0,,,Anoop Baragi,634e3b8701c2ff842c15c864,,,,,,,,,,,,,,,,,,,,,,,,,,,,,,0|i00017:,,MS Sprint 2,,,,,,,,,,,10022,home page,In Progress
logout,MS-4,10003,Story,Ready to realse,MS,Mysproject,software,Anoop Baragi,634e3b8701c2ff842c15c864,,Medium,,,,Anoop Baragi,634e3b8701c2ff842c15c864,Anoop Baragi,634e3b8701c2ff842c15c864,18/Oct/22 11:57 AM,18/Oct/22 2:19 PM,27/Feb/23 1:52 PM,,,0,,,Anoop Baragi,634e3b8701c2ff842c15c864,,,,,,,,,,,,,,,,,,,,,,,,,,,,,,0|i00003:i,,MS Sprint 1,,,,,,,,,,,10022,home page,In Progress
login,MS-3,10002,Story,Ready to realse,MS,Mysproject,software,Anoop Baragi,634e3b8701c2ff842c15c864,,Medium,,,,Anoop Baragi,634e3b8701c2ff842c15c864,Anoop Baragi,634e3b8701c2ff842c15c864,18/Oct/22 11:57 AM,18/Oct/22 2:18 PM,27/Feb/23 1:52 PM,,,0,,,Anoop Baragi,634e3b8701c2ff842c15c864,,,,,,,,,,,,,,,,,,,,,,,,,,,,,,0|i00003:,,MS Sprint 1,,,,,,,,,,,10022,home page,In Progress
search bar,MS-2,10001,Story,Ready to realse,MS,Mysproject,software,Anoop Baragi,634e3b8701c2ff842c15c864,,Medium,,,,Anoop Baragi,634e3b8701c2ff842c15c864,Anoop Baragi,634e3b8701c2ff842c15c864,18/Oct/22 11:57 AM,18/Oct/22 2:19 PM,27/Feb/23 1:52 PM,,,0,,,Anoop Baragi,634e3b8701c2ff842c15c864,,,,,,,,,,,,,,,,,,,,,,,,,,,,,,0|i00003:1,,MS Sprint 1,,,,,,,,,,,10022,home page,In Progress
home page,MS-1,10000,Story,Ready to realse,MS,Mysproject,software,Anoop Baragi,634e3b8701c2ff842c15c864,,Medium,,,,Anoop Baragi,634e3b8701c2ff842c15c864,Anoop Baragi,634e3b8701c2ff842c15c864,18/Oct/22 11:56 AM,18/Oct/22 2:19 PM,27/Feb/23 1:52 PM,,,0,,,Anoop Baragi,634e3b8701c2ff842c15c864,,,,,,,,,,,,,,,,,,,,,,,,,,,,,,0|i00003:9,,MS Sprint 1,,,,,,,,,,,10022,home page,In Progress
